<?xml version="1.0" encoding="UTF-8"?>

<DocumentReference xmlns="http://hl7.org/fhir">
  <id value="eCCDocRef0"/>
  <meta>
    <profile value="http://bhl7.org/fhir/ihe-sdc-on-fhir/StructureDefinition/ihe-sdc-ecc-DocumentReference"/>
  </meta>
  <text>
    <status value="generated"/><div xmlns="http://www.w3.org/1999/xhtml"><p><b>Generated Narrative</b></p><p><b>masterIdentifier</b>: Accession ID: masterIdentifiereCCDocRef0 (USUAL)</p><p><b>identifier</b>: Accession ID: identifiereCCDocRef0 (USUAL)</p><p><b>status</b>: current</p><p><b>category</b>: <span title="Codes: {http://loinc.org LP7839-6}">Pathology</span></p><blockquote><p><b>content</b></p></blockquote></div>
  </text>
  <masterIdentifier>
    <use value="usual"/>
    <type>
      <coding>
        <system value="http://terminology.hl7.org/CodeSystem/v2-0203"/>
        <code value="ACSN"/>
        <display value="Accession ID"/>
      </coding>
    </type>
    <system value="http://master.hospital.example.org"/>
    <value value="masterIdentifiereCCDocRef0"/>
  </masterIdentifier>
  <identifier>
    <use value="usual"/>
    <type>
      <coding>
        <system value="http://terminology.hl7.org/CodeSystem/v2-0203"/>
        <code value="ACSN"/>
        <display value="Accession ID"/>
      </coding>
    </type>
    <system value="http://hospital.example.org"/>
    <value value="identifiereCCDocRef0"/>
  </identifier>
  <status value="current"/>
  <category>
    <coding>
      <system value="http://loinc.org"/>
      <code value="LP7839-6"/>
      <display value="Pathology"/>
    </coding>
  </category>
  <content>
    <attachment>
      <title value="example.org/sdc-ecc/eCCDocRef0"/>
    </attachment>
  </content>
</DocumentReference>