<?xml version="1.0" encoding="UTF-8"?>

<ImplementationGuide xmlns="http://hl7.org/fhir">
  <id value="hl7.fhir.uv.ihesdconfhir"/>
  <text>
    <status value="extensions"/><div xmlns="http://www.w3.org/1999/xhtml"><h2>IHESDCeCCOnFHIR</h2><p>The official URL for this implementation guide is: </p><pre>http://bhl7.org/fhir/ihe-sdc-on-fhir/ImplementationGuide/hl7.fhir.uv.ihesdconfhir</pre></div>
  </text>
  <url value="http://bhl7.org/fhir/ihe-sdc-on-fhir/ImplementationGuide/hl7.fhir.uv.ihesdconfhir"/>
  <version value="0.1.0"/>
  <name value="IHESDCeCCOnFHIR"/>
  <status value="draft"/>
  <date value="2021-10-14T14:15:14-04:00"/>
  <packageId value="hl7.fhir.uv.ihesdconfhir"/>
  <license value="CC0-1.0"/>
  <fhirVersion value="4.0.1"/>
  <definition>
    <extension url="http://hl7.org/fhir/tools/StructureDefinition/ig-parameter">
      <extension url="code">
        <valueString value="copyrightyear"/>
      </extension>
      <extension url="value">
        <valueString value="2021+"/>
      </extension>
    </extension>
    <extension url="http://hl7.org/fhir/tools/StructureDefinition/ig-parameter">
      <extension url="code">
        <valueString value="releaselabel"/>
      </extension>
      <extension url="value">
        <valueString value="ci-build"/>
      </extension>
    </extension>
    <extension url="http://hl7.org/fhir/tools/StructureDefinition/ig-parameter">
      <extension url="code">
        <valueString value="path-liquid"/>
      </extension>
      <extension url="value">
        <valueString value="template/liquid"/>
      </extension>
    </extension>
    <extension url="http://hl7.org/fhir/tools/StructureDefinition/ig-parameter">
      <extension url="code">
        <valueString value="path-liquid"/>
      </extension>
      <extension url="value">
        <valueString value="input/liquid"/>
      </extension>
    </extension>
    <extension url="http://hl7.org/fhir/tools/StructureDefinition/ig-parameter">
      <extension url="code">
        <valueString value="path-qa"/>
      </extension>
      <extension url="value">
        <valueString value="temp/qa"/>
      </extension>
    </extension>
    <extension url="http://hl7.org/fhir/tools/StructureDefinition/ig-parameter">
      <extension url="code">
        <valueString value="path-temp"/>
      </extension>
      <extension url="value">
        <valueString value="temp/pages"/>
      </extension>
    </extension>
    <extension url="http://hl7.org/fhir/tools/StructureDefinition/ig-parameter">
      <extension url="code">
        <valueString value="path-output"/>
      </extension>
      <extension url="value">
        <valueString value="output"/>
      </extension>
    </extension>
    <extension url="http://hl7.org/fhir/tools/StructureDefinition/ig-parameter">
      <extension url="code">
        <valueString value="path-suppressed-warnings"/>
      </extension>
      <extension url="value">
        <valueString value="input/ignoreWarnings.txt"/>
      </extension>
    </extension>
    <extension url="http://hl7.org/fhir/tools/StructureDefinition/ig-parameter">
      <extension url="code">
        <valueString value="path-history"/>
      </extension>
      <extension url="value">
        <valueString value="http://bhl7.org/fhir/ihe-sdc-on-fhir/history.html"/>
      </extension>
    </extension>
    <extension url="http://hl7.org/fhir/tools/StructureDefinition/ig-parameter">
      <extension url="code">
        <valueString value="template-html"/>
      </extension>
      <extension url="value">
        <valueString value="template-page.html"/>
      </extension>
    </extension>
    <extension url="http://hl7.org/fhir/tools/StructureDefinition/ig-parameter">
      <extension url="code">
        <valueString value="template-md"/>
      </extension>
      <extension url="value">
        <valueString value="template-page-md.html"/>
      </extension>
    </extension>
    <extension url="http://hl7.org/fhir/tools/StructureDefinition/ig-parameter">
      <extension url="code">
        <valueString value="apply-contact"/>
      </extension>
      <extension url="value">
        <valueString value="true"/>
      </extension>
    </extension>
    <extension url="http://hl7.org/fhir/tools/StructureDefinition/ig-parameter">
      <extension url="code">
        <valueString value="apply-context"/>
      </extension>
      <extension url="value">
        <valueString value="true"/>
      </extension>
    </extension>
    <extension url="http://hl7.org/fhir/tools/StructureDefinition/ig-parameter">
      <extension url="code">
        <valueString value="apply-copyright"/>
      </extension>
      <extension url="value">
        <valueString value="true"/>
      </extension>
    </extension>
    <extension url="http://hl7.org/fhir/tools/StructureDefinition/ig-parameter">
      <extension url="code">
        <valueString value="apply-jurisdiction"/>
      </extension>
      <extension url="value">
        <valueString value="true"/>
      </extension>
    </extension>
    <extension url="http://hl7.org/fhir/tools/StructureDefinition/ig-parameter">
      <extension url="code">
        <valueString value="apply-license"/>
      </extension>
      <extension url="value">
        <valueString value="true"/>
      </extension>
    </extension>
    <extension url="http://hl7.org/fhir/tools/StructureDefinition/ig-parameter">
      <extension url="code">
        <valueString value="apply-publisher"/>
      </extension>
      <extension url="value">
        <valueString value="true"/>
      </extension>
    </extension>
    <extension url="http://hl7.org/fhir/tools/StructureDefinition/ig-parameter">
      <extension url="code">
        <valueString value="apply-version"/>
      </extension>
      <extension url="value">
        <valueString value="true"/>
      </extension>
    </extension>
    <extension url="http://hl7.org/fhir/tools/StructureDefinition/ig-parameter">
      <extension url="code">
        <valueString value="active-tables"/>
      </extension>
      <extension url="value">
        <valueString value="true"/>
      </extension>
    </extension>
    <resource>
      <extension url="http://hl7.org/fhir/tools/StructureDefinition/resource-information">
        <valueString value="StructureDefinition:resource"/>
      </extension>
      <reference>
        <reference value="StructureDefinition/ihe-sdc-ecc-DiagnosticReport"/>
      </reference>
      <name value="IHE SDC/eCC on FHIR DiagnosticReport"/>
      <description value="A DiagnosticReport Profile meant to capture what should be represented in a report parsed from an IHE SDC Form"/>
      <exampleBoolean value="false"/>
    </resource>
    <resource>
      <extension url="http://hl7.org/fhir/tools/StructureDefinition/resource-information">
        <valueString value="StructureDefinition:resource"/>
      </extension>
      <reference>
        <reference value="StructureDefinition/ihe-sdc-ecc-DocumentReference"/>
      </reference>
      <name value="IHE SDC/eCC on FHIR DocumentReference"/>
      <description value="A DocumentReference Profile meant to share an IHE SDC Form whether completed or blank"/>
      <exampleBoolean value="false"/>
    </resource>
    <resource>
      <extension url="http://hl7.org/fhir/tools/StructureDefinition/resource-information">
        <valueString value="StructureDefinition:resource"/>
      </extension>
      <reference>
        <reference value="StructureDefinition/ihe-sdc-ecc-Observation-code"/>
      </reference>
      <name value="IHE SDC/eCC on FHIR Observation Code"/>
      <description value="A Observation Profile meant to capture Question and Answer Sets from an IHE SDC Form. Questions shold be added as a code and the answer should be added as an appropriate data type. If the answer is a single select it should be added as a valueCodeableConcept. If a Question is a Multiselect then component may be used to list multiple answers"/>
      <exampleBoolean value="false"/>
    </resource>
    <resource>
      <extension url="http://hl7.org/fhir/tools/StructureDefinition/resource-information">
        <valueString value="StructureDefinition:resource"/>
      </extension>
      <reference>
        <reference value="StructureDefinition/ihe-sdc-ecc-Observation-date"/>
      </reference>
      <name value="IHE SDC/eCC on FHIR Observation Date"/>
      <description value="A Observation Profile meant to capture date Question and Answer Sets from an IHE SDC Form. Any answer that has a date datatype in IHE SDC should be represented using this profile which requires the Observation.valueDateTime"/>
      <exampleBoolean value="false"/>
    </resource>
    <resource>
      <extension url="http://hl7.org/fhir/tools/StructureDefinition/resource-information">
        <valueString value="StructureDefinition:resource"/>
      </extension>
      <reference>
        <reference value="StructureDefinition/ihe-sdc-ecc-Observation-integer"/>
      </reference>
      <name value="IHE SDC/eCC on FHIR Observation"/>
      <description value="A Observation Profile meant to capture integer Question and Answer Sets from an IHE SDC Form. Any answer that has an integer datatype in IHE SDC should be represented using this profile which requires the Observation.valueInteger"/>
      <exampleBoolean value="false"/>
    </resource>
    <resource>
      <extension url="http://hl7.org/fhir/tools/StructureDefinition/resource-information">
        <valueString value="StructureDefinition:resource"/>
      </extension>
      <reference>
        <reference value="StructureDefinition/ihe-sdc-ecc-Observation-quantity"/>
      </reference>
      <name value="IHE SDC/eCC on FHIR Observation"/>
      <description value="A Observation Profile meant to capture quantity Question and Answer Sets from an IHE SDC Form. Any answer that has a quantity datatype in IHE SDC, or any datatype requiring a UCUM unit should be represented using this profile which requires the Observation.valueQuantity"/>
      <exampleBoolean value="false"/>
    </resource>
    <resource>
      <extension url="http://hl7.org/fhir/tools/StructureDefinition/resource-information">
        <valueString value="StructureDefinition:resource"/>
      </extension>
      <reference>
        <reference value="StructureDefinition/ihe-sdc-ecc-Observation-text"/>
      </reference>
      <name value="IHE SDC/eCC on FHIR Observation Text"/>
      <description value="A Observation Profile meant to capture text Question and Answer Sets from an IHE SDC Form. Any answer that has a string datatype in IHE SDC should be represented using this profile which requires the Observation.valueString"/>
      <exampleBoolean value="false"/>
    </resource>
    <resource>
      <extension url="http://hl7.org/fhir/tools/StructureDefinition/resource-information">
        <valueString value="Observation"/>
      </extension>
      <reference>
        <reference value="Observation/SDCeCCObservationCodeEx"/>
      </reference>
      <name value="SDCeCCObservationCodeEx"/>
      <description value="Example Observation using codes from SDC"/>
      <exampleCanonical value="http://bhl7.org/fhir/ihe-sdc-on-fhir/StructureDefinition/ihe-sdc-ecc-Observation-code"/>
    </resource>
    <resource>
      <extension url="http://hl7.org/fhir/tools/StructureDefinition/resource-information">
        <valueString value="Observation"/>
      </extension>
      <reference>
        <reference value="Observation/SDCeCCObservationTextEx"/>
      </reference>
      <name value="SDCeCCObservationTextEx"/>
      <description value="Example Observation using text fill in from SDC"/>
      <exampleCanonical value="http://bhl7.org/fhir/ihe-sdc-on-fhir/StructureDefinition/ihe-sdc-ecc-Observation-text"/>
    </resource>
    <resource>
      <extension url="http://hl7.org/fhir/tools/StructureDefinition/resource-information">
        <valueString value="DiagnosticReport"/>
      </extension>
      <reference>
        <reference value="DiagnosticReport/eCCDiagnosticReport0"/>
      </reference>
      <name value="eCC Diagnostic Report"/>
      <description value="Example eCC Diagnostic report "/>
      <exampleBoolean value="true"/>
    </resource>
    <resource>
      <extension url="http://hl7.org/fhir/tools/StructureDefinition/resource-information">
        <valueString value="DocumentReference"/>
      </extension>
      <reference>
        <reference value="DocumentReference/eCCDocRef0"/>
      </reference>
      <name value="SDC eCC DocumentReference"/>
      <description value="Example DocumentReference with eCC attached as URL"/>
      <exampleCanonical value="http://bhl7.org/fhir/ihe-sdc-on-fhir/StructureDefinition/ihe-sdc-ecc-DocumentReference"/>
    </resource>
    <page>
      <nameUrl value="toc.html"/>
      <title value="Table of Contents"/>
      <generation value="html"/>
      <page>
        <nameUrl value="index.html"/>
        <title value="Home"/>
        <generation value="markdown"/>
      </page>
      <page>
        <nameUrl value="dataextraction.html"/>
        <title value="Dataextraction"/>
        <generation value="markdown"/>
      </page>
      <page>
        <nameUrl value="terminology.html"/>
        <title value="Terminology"/>
        <generation value="markdown"/>
      </page>
    </page>
    <parameter>
      <code value="path-resource"/>
      <value value="input/capabilities"/>
    </parameter>
    <parameter>
      <code value="path-resource"/>
      <value value="input/examples"/>
    </parameter>
    <parameter>
      <code value="path-resource"/>
      <value value="input/extensions"/>
    </parameter>
    <parameter>
      <code value="path-resource"/>
      <value value="input/models"/>
    </parameter>
    <parameter>
      <code value="path-resource"/>
      <value value="input/operations"/>
    </parameter>
    <parameter>
      <code value="path-resource"/>
      <value value="input/profiles"/>
    </parameter>
    <parameter>
      <code value="path-resource"/>
      <value value="input/resources"/>
    </parameter>
    <parameter>
      <code value="path-resource"/>
      <value value="input/vocabulary"/>
    </parameter>
    <parameter>
      <code value="path-resource"/>
      <value value="input/maps"/>
    </parameter>
    <parameter>
      <code value="path-resource"/>
      <value value="input/testing"/>
    </parameter>
    <parameter>
      <code value="path-resource"/>
      <value value="input/history"/>
    </parameter>
    <parameter>
      <code value="path-resource"/>
      <value value="fsh-generated/resources"/>
    </parameter>
    <parameter>
      <code value="path-pages"/>
      <value value="template/config"/>
    </parameter>
    <parameter>
      <code value="path-pages"/>
      <value value="input/images"/>
    </parameter>
    <parameter>
      <code value="path-tx-cache"/>
      <value value="input-cache/txcache"/>
    </parameter>
  </definition>
</ImplementationGuide>