{
  "package": "IHE-SDC-eCC-On-FHIR",
  "version": "0.1.0",
  "fhirVersion": "4.0.1",
  "extensions": [],
  "profiles": {
    "DiagnosticReport": [
      {
        "url": "http://bhl7.org/fhir/ihe-sdc-on-fhir/StructureDefinition/ihe-sdc-ecc-DiagnosticReport",
        "title": "IHE SDC/eCC on FHIR DiagnosticReport"
      }
    ],
    "DocumentReference": [
      {
        "url": "http://bhl7.org/fhir/ihe-sdc-on-fhir/StructureDefinition/ihe-sdc-ecc-DocumentReference",
        "title": "IHE SDC/eCC on FHIR DocumentReference"
      }
    ],
    "Observation": [
      {
        "url": "http://bhl7.org/fhir/ihe-sdc-on-fhir/StructureDefinition/ihe-sdc-ecc-Observation",
        "title": "IHE SDC/eCC on FHIR Observation"
      }
    ]
  },
  "usage": {
    "http://hl7.org/fhir/StructureDefinition/elementdefinition-bestpractice": [
      "StructureDefinition.snapshot.element.constraint"
    ],
    "http://hl7.org/fhir/StructureDefinition/elementdefinition-bestpractice-explanation": [
      "StructureDefinition.snapshot.element.constraint"
    ],
    "http://hl7.org/fhir/StructureDefinition/elementdefinition-bindingName": [
      "StructureDefinition.snapshot.element.binding"
    ],
    "http://hl7.org/fhir/StructureDefinition/elementdefinition-isCommonBinding": [
      "StructureDefinition.snapshot.element.binding"
    ],
    "http://hl7.org/fhir/StructureDefinition/elementdefinition-maxValueSet": [
      "StructureDefinition.snapshot.element.binding"
    ],
    "http://hl7.org/fhir/StructureDefinition/structuredefinition-category": [
      "StructureDefinition"
    ],
    "http://hl7.org/fhir/StructureDefinition/structuredefinition-display-hint": [
      "StructureDefinition.snapshot.element"
    ],
    "http://hl7.org/fhir/StructureDefinition/structuredefinition-fhir-type": [
      "StructureDefinition.snapshot.element.type"
    ],
    "http://hl7.org/fhir/StructureDefinition/structuredefinition-security-category": [
      "StructureDefinition"
    ],
    "http://hl7.org/fhir/StructureDefinition/structuredefinition-standards-status": [
      "StructureDefinition.snapshot.element"
    ],
    "http://hl7.org/fhir/tools/StructureDefinition/ig-parameter": [
      "ImplementationGuide.definition"
    ],
    "http://hl7.org/fhir/tools/StructureDefinition/resource-information": [
      "ImplementationGuide.definition.resource"
    ]
  }
}