{
  "resourceType": "Observation",
  "id": "SDCeCCObservationCodeEx",
  "meta": {
    "profile": [
      "http://bhl7.org/fhir/ihe-sdc-on-fhir/StructureDefinition/ihe-sdc-ecc-Observation"
    ]
  },
  "text": {
    "status": "generated",
    "div": "<div xmlns=\"http://www.w3.org/1999/xhtml\"><p><b>Generated Narrative</b></p><p><b>identifier</b>: Accession ID: SDCeCCObservationCodeEx0 (USUAL)</p><p></p><p><b>code</b>: <span title=\"Codes: {http://cap.org/eCC 56271}\">Tumor invades into other adjacent organ(s)</span></p><p><b>subject</b>: <a href=\"bibata-amadou\">bibata-amadou</a></p><p><b>effective</b>: 2021-05-11</p><p><b>performer</b>: <a href=\"pathpract1\">pathpract1</a></p><p><b>value</b>: <span title=\"Codes: {http://cap.org/eCC 56752}\">Kidney</span></p></div>"
  },
  "identifier": [
    {
      "use": "usual",
      "type": {
        "coding": [
          {
            "system": "http://terminology.hl7.org/CodeSystem/v2-0203",
            "code": "ACSN",
            "display": "Accession ID"
          }
        ]
      },
      "system": "http://hospital.example.org",
      "value": "SDCeCCObservationCodeEx0"
    }
  ],
  "status": "final",
  "code": {
    "coding": [
      {
        "system": "http://cap.org/eCC",
        "code": "56271",
        "display": "Tumor invades into other adjacent organ(s)"
      }
    ]
  },
  "subject": {
    "reference": "bibata-amadou"
  },
  "effectiveDateTime": "2021-05-11",
  "performer": [
    {
      "reference": "pathpract1"
    }
  ],
  "valueCodeableConcept": {
    "coding": [
      {
        "system": "http://cap.org/eCC",
        "code": "56752",
        "display": "Kidney"
      }
    ]
  }
}